{"cameraMode":{"drawMode":0,"name":"Shaded","section":"Shading Mode"},"sceneLighting":false,"audioPlay":false,"sceneViewState":{"m_AlwaysRefresh":false,"showFog":true,"showSkybox":false,"showFlares":true,"showImageEffects":true,"showParticleSystems":true,"showVisualEffectGraphs":true,"m_FxEnabled":true},"in2DMode":false,"pivot":{"x":-5.482362747192383,"y":0.6178992986679077,"z":-3.6258885860443117},"rotation":{"x":-0.03222635015845299,"y":0.9599575996398926,"z":-0.24901673197746278,"w":-0.12423232942819596},"size":0.8660253882408142,"orthographic":false}