{"cameraMode":{"drawMode":0,"name":"Shaded","section":"Shading Mode"},"sceneLighting":false,"audioPlay":false,"sceneViewState":{"m_AlwaysRefresh":false,"showFog":true,"showSkybox":false,"showFlares":true,"showImageEffects":true,"showParticleSystems":true,"showVisualEffectGraphs":true,"m_FxEnabled":true},"in2DMode":false,"pivot":{"x":3.1262736320495607,"y":1.3540997505187989,"z":1.489241600036621},"rotation":{"x":0.019831007346510888,"y":-0.9801666736602783,"z":0.14062683284282685,"w":0.13821950554847718},"size":0.7149100303649902,"orthographic":true}